person,text
Donald Trump,The economy is expected to grow strongly this year.
Donald Trump,Inflation continues to burden American consumers.
Sam Altman,AI investment is accelerating across industries.
Jensen Huang,Demand for AI infrastructure remains exceptionally strong.
Mukesh Ambani,Digital adoption continues to expand in India.
Gautam Adani,Infrastructure spending remains a long-term priority.
Elon Musk,Manufacturing efficiency improved significantly this quarter.
Warren Buffett,We continue to focus on long-term value creation.
Sam Altman,AI demand is accelerating globally
Jensen Huang,Nvidia expects strong AI infrastructure spending
Mukesh Ambani,Digital adoption continues to grow
Gautam Adani,Infrastructure investment remains a priority
Donald Trump,Inflation is hurting consumers
Elon Musk,Manufacturing efficiency improved this quarter
Sam Altman,AI infrastructure investment is growing faster than expected
Sam Altman,Enterprise adoption of generative AI continues to expand
Sam Altman,The cost of training advanced AI models remains high
Sam Altman,Demand for AI services has remained stable this quarter
Sam Altman,Companies are increasing budgets for AI transformation
Sam Altman,Regulatory uncertainty may slow AI deployment in some regions
Sam Altman,Investment in AI research continues to attract capital
Sam Altman,Cloud providers are scaling AI capacity aggressively
Sam Altman,AI startups are facing a more competitive funding environment
Sam Altman,The long term outlook for AI remains highly promising

Jensen Huang,AI chip demand continues to exceed supply
Jensen Huang,Data center spending is accelerating worldwide
Jensen Huang,The semiconductor industry faces temporary supply constraints
Jensen Huang,Enterprise customers are increasing GPU purchases
Jensen Huang,AI infrastructure spending remains strong across sectors
Jensen Huang,Market demand has remained consistent this quarter
Jensen Huang,Advanced computing is becoming a strategic priority
Jensen Huang,Export restrictions may impact some markets
Jensen Huang,The growth of AI applications is driving hardware demand
Jensen Huang,Customers continue to invest in large scale computing platforms

Mukesh Ambani,Digital services are experiencing steady growth
Mukesh Ambani,Consumer demand remains resilient in key markets
Mukesh Ambani,Telecom adoption continues to improve across regions
Mukesh Ambani,Investment in digital infrastructure is increasing
Mukesh Ambani,Retail expansion is contributing to revenue growth
Mukesh Ambani,Energy market volatility remains a concern
Mukesh Ambani,Long term investment opportunities remain attractive
Mukesh Ambani,Consumer spending patterns have remained stable
Mukesh Ambani,Technology adoption is improving operational efficiency
Mukesh Ambani,The business environment supports future expansion

Gautam Adani,Infrastructure investment remains essential for economic growth
Gautam Adani,Logistics demand continues to strengthen
Gautam Adani,Port activity has shown healthy growth this year
Gautam Adani,Renewable energy investments are accelerating
Gautam Adani,Financing costs have increased across the sector
Gautam Adani,Industrial activity remains stable despite uncertainties
Gautam Adani,Infrastructure projects continue to attract investors
Gautam Adani,Energy demand is supporting long term expansion plans
Gautam Adani,Global economic conditions remain challenging
Gautam Adani,Operational performance has improved across business units

Donald Trump,Inflation continues to pressure household budgets
Donald Trump,Manufacturing growth is creating new opportunities
Donald Trump,Interest rates remain a challenge for businesses
Donald Trump,Domestic production should be expanded further
Donald Trump,The labor market continues to show strength
Donald Trump,Trade policies can influence economic competitiveness
Donald Trump,Consumer confidence has improved in recent months
Donald Trump,Small businesses are facing rising costs
Donald Trump,Economic growth remains a key priority
Donald Trump,Energy prices continue to impact consumers

Elon Musk,Manufacturing efficiency improved significantly this quarter
Elon Musk,Production costs have declined across several facilities
Elon Musk,Supply chain challenges remain manageable
Elon Musk,Electric vehicle demand continues to grow globally
Elon Musk,Capital expenditure is necessary for future expansion
Elon Musk,Market conditions remain uncertain in some regions
Elon Musk,Automation is improving productivity levels
Elon Musk,Energy storage demand continues to increase
Elon Musk,Competition in the EV market is intensifying
Elon Musk,Innovation remains our strongest advantage

Warren Buffett,Long term investing remains the best approach
Warren Buffett,Market volatility creates investment opportunities
Warren Buffett,Businesses with strong fundamentals continue to perform well
Warren Buffett,Valuation discipline is important during market rallies
Warren Buffett,Economic uncertainty requires careful capital allocation
Warren Buffett,Cash reserves provide strategic flexibility
Warren Buffett,The broader economy remains resilient
Warren Buffett,Interest rate movements influence investment decisions
Warren Buffett,Quality businesses continue to attract investors
Warren Buffett,Patience is often rewarded in financial markets

Jerome Powell,Inflation remains above our long term target
Jerome Powell,Economic growth has moderated in recent quarters
Jerome Powell,Labor market conditions remain relatively strong
Jerome Powell,Monetary policy decisions will depend on incoming data
Jerome Powell,Price stability remains our primary objective
Jerome Powell,Financial conditions have tightened recently
Jerome Powell,Consumer spending continues at a moderate pace
Jerome Powell,Economic indicators suggest mixed market signals
Jerome Powell,Risks to the outlook remain balanced
Jerome Powell,The banking system remains resilient

Christine Lagarde,Inflation pressures are gradually easing
Christine Lagarde,Economic recovery remains uneven across regions
Christine Lagarde,Monetary policy will remain data dependent
Christine Lagarde,Consumer demand has shown signs of improvement
Christine Lagarde,Financial stability remains a priority
Christine Lagarde,Investment activity has slowed modestly
Christine Lagarde,Labor markets continue to support growth
Christine Lagarde,Global uncertainties continue to affect sentiment
Christine Lagarde,Credit conditions have become more restrictive
Christine Lagarde,The long term economic outlook remains constructive

Sundar Pichai,Cloud demand continues to support revenue growth
Sundar Pichai,AI products are attracting significant customer interest
Sundar Pichai,Technology spending remains healthy among enterprises
Sundar Pichai,Advertising markets have stabilized recently
Sundar Pichai,Operational efficiency initiatives are delivering results
Sundar Pichai,Investment in AI remains a strategic priority
Sundar Pichai,Global market conditions remain competitive
Sundar Pichai,Digital transformation continues across industries
Sundar Pichai,Customer engagement metrics remain strong
Sundar Pichai,Innovation investments are expected to support future growth